{
    "F": [
        [
            -0.010548663348453755,
            -4.181213664354353,
            3538.771537130338
        ],
        [
            0.4531778837149526,
            41.069900377047986,
            -55160.25808992027
        ],
        [
            -396.1563107650572,
            -37733.41626701597,
            49499864.66926747
        ]
    ],
    "camLeft": [
        [
            -902.5648903306027,
            -3387.3808136010944,
            1213.8943127372415,
            43427.6696208214
        ],
        [
            -847.5432741890955,
            -480.86646164329795,
            -543.9480713442409,
            46751.18971569214
        ],
        [
            -0.5362903022573282,
            -0.5621985611139266,
            -0.629543874234492,
            30.43960679159739
        ]
    ],
    "camRight": [
        [
            -1006.7086704706521,
            2468.7404283882843,
            2579.6065417320074,
            43427.6696208214
        ],
        [
            -849.1382366220015,
            -321.8846386306737,
            648.6880563072792,
            46751.18971569214
        ],
        [
            -0.538479028495039,
            -0.3584917230989768,
            0.7625772225424554,
            30.43960679159739
        ]
    ],
    "camWorldCenterLeft": [
        [
            53.2297266331087
        ],
        [
            -0.21591958090216049
        ],
        [
            3.199793321159015
        ],
        [
            1.0
        ]
    ],
    "camWorldCenterRight": [
        [
            53.14253647988979
        ],
        [
            4.41125245062994
        ],
        [
            -0.31743392923040703
        ],
        [
            1.0
        ]
    ]
}