{
    "F": [
        [
            4.974038126472422,
            59.37567676141908,
            -29131.8450143167
        ],
        [
            56.763240861868205,
            -166.2467388484078,
            46191.367552731026
        ],
        [
            -28664.65827732836,
            45837.994342075406,
            -6223572.356802544
        ]
    ],
    "camLeft": [
        [
            300.83728631181907,
            1318.7350231908108,
            385.8901439587544,
            5169.549555393499
        ],
        [
            241.7491236578082,
            79.03122015625763,
            -130.70705642887955,
            14454.046523761695
        ],
        [
            0.5287540810613464,
            0.46066499040431064,
            -0.7128863081703614,
            30.88895934421444
        ]
    ],
    "camRight": [
        [
            -236.36885236690733,
            1244.6936912088356,
            611.0185906547455,
            5169.549555393499
        ],
        [
            -236.30474904942335,
            -21.575469961166217,
            159.5853120486071,
            14454.046523761695
        ],
        [
            -0.4986047025090134,
            -0.12118174910232629,
            0.8583171525260341,
            30.88895934421444
        ]
    ],
    "camWorldCenterLeft": [
        [
            -60.383077811708795
        ],
        [
            8.646321301573016
        ],
        [
            4.129996620648692
        ],
        [
            1.0
        ]
    ],
    "camWorldCenterRight": [
        [
            60.70906168051714
        ],
        [
            7.228562890799573
        ],
        [
            0.2992299390132728
        ],
        [
            1.0
        ]
    ]
}